CustomerID,Name,Address,Phone,Phone_2,Email,DateJoined
1.0,Allison Hill,"819 Johnson Course,East William, AK 74064",8867379402,2239511615,dudleynicholas@example.net,2013-11-30
10.0,Jennifer Zavala,"42940 Candace Key,Samuelhaven, DE 50989",0017348060883,7598514846,angela36@example.net,2016-11-01
100.0,Phillip Macias,"9849 Sonya Viaduct Apt. 770,Port Diane, AS 68416",8622110225,,scastillo@example.com,2023-11-18
11.0,Stephanie Gilbert,"4369 Marshall Mills,New Thomas, MH 96964",5145895134,5008379176,jross@example.net,2004-02-15
12.0,Shannon Mcclure,"87083 Stephen Unions,Contrerasside, PA 42089",0019795868727,5718434558,jasminebrown@example.com,2015-03-12
13.0,Jennifer Clark,"670 Evans Loaf,Medinaside, AS 79570",8734467065,9294806990,greenmark@example.com,2015-01-20
14.0,Shawn Ramirez,"USCGC King,FPO AE 62145",5802531003,0013234271937,daniel04@example.net,2016-09-14
15.0,Miguel Jones,"49190 Patel Shore,Caseymouth, AL 55558",9168572628,0017942531473,lrosales@example.com,2011-02-24
16.0,David Ramirez,"083 John Lodge Suite 837,Westtown, CO 39067",7638495788,0014855574443,joannahill@example.net,2021-10-12
17.0,Veronica Wall,"40824 Terri Plaza Suite 271,New Justinfort, NV 45158",2044711671,5948131869,tkerr@example.net,2018-07-09
18.0,Marc Lynch,"341 John Plaza,East Aaronmouth, UT 78333",3405344713,0019246210249,gbender@example.net,2020-09-23
19.0,Kyle Preston,"13990 Johnston Track Apt. 787,Howardshire, NE 83703",8172565512,,qmiller@example.com,2007-11-14
2.0,Lisa Hensley,"34131 Ramirez Roads,Franciscostad, IL 88342",7192283276,5059641395,pwilkerson@example.com,2008-10-19
20.0,Jennifer Robertson,"Unit 8760 Box 3859,DPO AA 82474",5034482477,6808861317,pbaird@example.com,2022-09-06
21.0,Connor Greene,"46584 Justin Hills,Grimesmouth, ND 63984",8582867533,,julie66@example.net,2009-02-05
22.0,Andrew Shaw MD,"87026 Charles Tunnel Suite 596,Port Markside, MS 42006",0019784091343,0018404050455,gregorylynch@example.com,2012-02-11
23.0,Mr. David Little MD,"8217 Huerta Hills Suite 474,South Melissa, CT 31592",9956944064,0017394533942,browningmark@example.com,2009-11-23
24.0,Richard Walter,"47451 Mccarty Divide Apt. 685,Port Ralphview, ND 16700",7545965137,0015174461200,qchavez@example.net,2022-04-19
25.0,Patrick Moore,"9640 Robinson Mills,Port Michael, TX 48648",0015502643171,,buchananjohn@example.org,2023-02-15
26.0,Ronald Spencer,"2904 Vanessa Plains,Laurenville, TN 03880",2054395024,0015682117758,stephen00@example.com,2017-07-30
27.0,Brian Joseph,"9212 Weber Prairie,Oscarhaven, LA 59970",8963118367,4652452711,elizabeth65@example.net,2018-04-19
28.0,Michelle Schmitt,"98327 Melanie Keys Suite 149,Port Roy, OH 81991",0014804940244,0018619201836,eric45@example.net,2006-10-17
29.0,Brittney Webster,"7679 Perry Forge,West Russellport, TX 89431",0012785403690,,sierra24@example.com,2015-01-24
3.0,David Hoffman,"653 William Course Apt. 122,Carlsonfurt, MS 78605",4849801845,5484281489,kathryn88@example.org,2014-12-20
30.0,Jonathan Jordan,"851 Hensley Canyon,Smithland, VI 41534",0017694664160,0018756161369,jeffrey21@example.net,2007-10-11
31.0,Cheyenne Parsons,"12432 Kathleen Shoal,East Stephaniefort, NH 99387",0013979995527,,ywelch@example.com,2005-10-20
32.0,Benjamin Murray,"1199 Ford Plaza Apt. 793,Cassidyhaven, FL 08610",4157182037,8466659051,jennifer92@example.com,2006-08-28
33.0,Brenda Bailey,"Unit 6291 Box 4865,DPO AE 88334",0019815685054,2227141888,carlamoore@example.org,2009-07-06
34.0,Amanda Diaz,"473 Kyle Valleys Suite 359,Murrayport, WI 50553",3866239240,,hinesjoshua@example.net,2008-11-20
35.0,Anna Lozano,"60685 Paul Common Suite 305,Port Jennifermouth, WY 19643",3042727790,2325898614,nfowler@example.com,2006-01-01
36.0,Taylor Carlson,"246 Christina Garden,Lopezland, NC 47766",2888888067,7407515319,mariacohen@example.net,2020-02-21
37.0,Robin Brown,"43030 Mahoney Passage Suite 874,Port Deborahport, MI 06766",0017546156676,,acostachristian@example.net,2009-12-27
38.0,Erica Miller,"9627 West Stream Suite 964,North Emilyfurt, MN 67752",0012204297021,0013752571928,victorhughes@example.net,2007-11-06
39.0,David Griffin,"Unit 4731 Box 2172,DPO AP 58842",4557188442,,davidharris@example.org,2011-11-20
4.0,Brian Cox DVM,"39117 Tiffany Place,East Donna, OH 22144",9893638346,5312509839,zimmermanbrian@example.org,2005-01-03
40.0,Allison Spencer,"114 Key Stravenue,Foxchester, GU 75854",4254177852,3806182422,cynthiapierce@example.org,2014-02-14
41.0,Anna Davidson,"99590 Christopher Row,Debrashire, MT 81517",0014079844736,3777359255,stevenadams@example.org,2008-08-07
42.0,Dylan Cruz,"59532 Ferrell Mountain,Kochfort, AK 12303",6872339500,2625456506,angela16@example.net,2019-02-12
43.0,Diana Hays,"16558 Fischer Flat,Porterton, AZ 18462",0014578872982,0017497588879,whitneybrandy@example.net,2004-09-07
44.0,Deborah Rios,"Unit 9930 Box 9728,DPO AP 95027",0014628309130,0019368897028,sue78@example.com,2022-05-07
45.0,Raymond Le,"733 Grant Fork Suite 437,Timothyside, WY 95090",3417986652,5475338484,santiagoamanda@example.net,2011-09-01
46.0,Jason Love,"82677 Katelyn Heights,Justinton, PW 12226",0012932802620,6995154788,riverajessica@example.net,2012-06-23
47.0,Alexis Rogers,"96685 Richard Court,East Thomas, IA 01396",5632745499,0014179426841,spencerzhang@example.com,2017-11-06
48.0,Susan Todd,"91878 Miller Port,North Mariahaven, ID 75566",0019223587139,8706728679,reesebeth@example.org,2018-02-03
49.0,Arthur Mcknight,"USS Andersen,FPO AA 04660",7623265676,9868823004,pmorrow@example.com,2015-06-06
5.0,Andrea Young,"299 Sanchez Mountains,Leeville, TN 56999",5669701065,3622473178,novaksara@example.org,2009-08-06
50.0,Colin Golden,"690 Jamie Courts,South Carlaton, IA 97565",6675383028,0016952995342,conniesimmons@example.com,2005-03-20
51.0,Teresa Powers,"662 Bennett Throughway Suite 334,Port Steven, AR 74214",5682826343,7696901398,lewisjames@example.net,2007-07-31
52.0,Nicole Rocha,"3854 Owens Run,Kylestad, NY 65680",2176535560,0018995642353,rpierce@example.com,2012-04-22
53.0,Katherine Cummings,"52287 Sabrina Plains Apt. 801,Port Adamberg, MP 83168",9129038750,6082860084,ldrake@example.org,2006-10-16
54.0,Daisy Harvey,"6156 Cunningham Square Apt. 410,South Nicholasside, NJ 07856",0019026176591,,glassgabrielle@example.com,2021-12-13
55.0,Amanda Mcfarland,"261 Martin Garden,Rhodesside, MA 50812",0018217850163,4478735866,bartonkenneth@example.org,2005-12-04
56.0,Christian Dawson,"5110 Wallace Trace Suite 121,South Shane, OH 67667",8103158199,0014833982622,ryanfisher@example.com,2005-12-28
57.0,Tony Le,"1240 Cook River,Brockmouth, NV 44375",5927459375,5469519398,marie16@example.net,2020-04-22
58.0,Eric King,"1797 Ferguson Ways Suite 805,North Kaylastad, GA 85304",0015099656101,3673982507,michaelcooper@example.org,2020-12-26
59.0,Mr. Jeffrey Horton,"10512 Zachary Plaza Apt. 586,Hallfurt, SC 24677",8662093796,0019333419182,emily78@example.net,2013-11-06
6.0,John Hancock,"PSC 2606, Box 4746,APO AP 96249",0012727343098,3094788208,larsonemma@example.org,2017-09-04
60.0,Lisa Matthews,"249 Emily Island Apt. 341,West Heather, NY 51417",4924966278,9798050723,fburns@example.net,2004-02-28
61.0,Connie Johnson,"79788 Ashley Grove Suite 807,South Curtis, MP 86179",0018344074517,,kristenli@example.org,2022-06-04
62.0,Douglas Ryan,"9481 Sydney Turnpike Suite 042,East Dustin, MD 32948",0017679294667,9596017518,maria58@example.net,2007-05-18
63.0,Karina Cooper,"17012 Bryant Meadow,Lake Regina, FM 85697",8243154152,0012107371293,mcneilrobert@example.org,2019-02-01
64.0,James Cross,"4262 Casey Port Apt. 927,Jenniferberg, PW 54464",0014735112196,5138899940,debbie37@example.com,2006-07-24
65.0,Mark Jones,"5269 Diaz Springs,Port Thomas, WI 10068",6918043006,,fmiles@example.net,2020-11-09
66.0,Brittany Miller,"85691 Hale Stream,North John, NE 15703",7996042102,3526410564,crawfordwilliam@example.org,2019-06-19
67.0,Carol Moore,"80003 Thomas Lights,East Sarah, PR 05136",0017633536541,9022380617,james94@example.net,2010-07-28
68.0,Kevin Snyder,"832 Sarah Burg,New Michael, MP 91394",8509641383,9243103865,wagnerdana@example.com,2004-09-13
69.0,Amy Bates,"5655 Nelson Club Apt. 291,North Frank, NH 41661",2185537474,5213356804,ygarcia@example.org,2006-02-10
7.0,Steve Sanchez,"9985 Harris Stravenue,Johnfurt, DC 88540",0016474510799,,nicole35@example.com,2009-04-22
70.0,Ronald Haas,"1994 Andrew Circles Apt. 721,Davidmouth, AR 22519",0015664706625,9472209993,ramirezderrick@example.org,2019-09-03
71.0,Zachary Stephens,"578 Cooper Port Suite 642,West Carlatown, MH 37323",5786593213,0017037965223,warnermichael@example.net,2020-09-28
72.0,Travis Copeland,"427 Christopher Fort Apt. 087,West Samanthaborough, AS 17604",3257002921,,marcus26@example.net,2017-11-26
73.0,Carrie Novak,"92644 Gregory Alley Suite 902,Samanthabury, SC 74628",3727513552,,nsmith@example.org,2003-05-16
74.0,Richard Le,"626 Macias Keys Suite 179,East Shannon, AS 04880",7059411526,0018066296201,kenneth10@example.com,2020-03-25
75.0,Katherine Brown,"9731 Jamie Route,Tiffanyfort, PR 15640",9672741862,8775434902,randallloretta@example.com,2018-09-07
76.0,Taylor Armstrong,"60898 David Throughway Suite 223,East Brad, CO 90039",9322945116,0013993861622,floydmikayla@example.com,2014-02-03
77.0,Matthew Armstrong,"6299 Williams Isle,North Julie, PW 35704",7056444713,,fjacobs@example.org,2014-10-05
78.0,Rodney Figueroa,"82148 Taylor Vista Apt. 233,East Antonioton, PW 47736",0019344578610,5985552414,ericaadams@example.com,2016-10-09
79.0,Richard Saunders,"290 Johnny Valley,Jenniferview, NE 49846",7746374896,5172154544,rguerrero@example.org,1999-09-17
8.0,Joshua Turner,"Unit 8084 Box 1241,DPO AE 97811",0019246493534,4169400524,hhoffman@example.org,2009-01-03
80.0,Yolanda Green,"099 Matthew Station Apt. 875,Meganside, HI 39007",7725482513,0013469554947,vincentdillon@example.com,2016-05-12
81.0,Anthony Dickerson,"6972 Huffman Falls,South Marvinburgh, MD 83666",3074432927,0012667667600,andrewsmith@example.net,2006-03-29
82.0,Shawn Collins,"10447 Hamilton Spur Apt. 575,East Stacy, PW 53374",3337230982,0013068489090,jjames@example.com,2013-04-19
83.0,Christine Jennings,"184 Robert Cove Apt. 411,Gonzalezborough, WI 34972",2353642087,5979218114,joseph01@example.org,1997-10-27
84.0,Heather Rhodes,"00225 Kline Road,Natalieland, MN 45422",4163674676,,heatherbrown@example.org,1999-04-05
85.0,Kevin Pham,"659 Michelle Villages,South Samantha, DE 54408",3018450899,0014373562890,vflores@example.com,1996-08-16
86.0,Krista Gray,"7971 West Crest,Mcgeetown, CT 53380",7082801994,3753899757,aaronkelly@example.net,2003-12-11
87.0,Jacqueline Rodriguez,"PSC 7261, Box 4933,APO AE 51998",9739516091,,tamarasmith@example.net,1994-09-01
88.0,Jessica Richards,"PSC 2922, Box 1699,APO AA 66575",6697346547,0017833339452,anna99@example.net,2006-02-16
89.0,Stephanie Ferguson,"81062 Ellen Flats Suite 244,Port Bryan, WY 39185",8805571983,5407666580,kimberlybrandt@example.com,2005-12-27
9.0,Sandra Aguilar,"45053 Elizabeth Knoll,Dicksonberg, IA 21800",3608256342,2735375433,emurphy@example.com,2015-11-19
90.0,Michael Lopez,"0648 Anderson Prairie,Adammouth, VT 20791",7253909479,0018583328182,jeffrey35@example.com,2001-09-02
91.0,Travis Montgomery,"57399 Susan Springs,Patrickville, MS 34132",0012406858877,0018353811288,amandapark@example.net,2002-10-01
92.0,Teresa Burgess,"501 Brian Underpass Suite 819,West Rickey, NV 83104",7653061809,4498147660,susan24@example.net,1999-01-15
93.0,Alexandra Baxter,"99688 Kevin Summit,Jasonhaven, FL 21597",9393431290,3145139755,todd59@example.net,1994-12-25
94.0,Brittany Knight,"05336 Larsen Dale Suite 777,Kimfort, OH 14765",3912428341,7098969308,patricialawrence@example.com,1987-03-15
95.0,Jennifer Jensen,"282 Moore Port,Lake Jessica, MI 05798",0015064853890,8708051844,richardsondennis@example.com,1993-04-27
96.0,James Brooks,"7908 Scott Forks Apt. 843,East Eric, PA 94519",6535814474,2304299228,rojasashley@example.org,1991-12-20
97.0,Tina Robertson,"37977 Jeffrey Loop Apt. 929,Garymouth, NH 78689",7796705097,,daniel52@example.com,1976-12-04
98.0,Jeffrey Gonzalez,"806 Wood Cape,Perezfort, WY 50470",7828617024,5007981806,amandaadams@example.com,1992-09-05
99.0,Hector Hamilton,"636 White Points Suite 449,Kimfurt, WA 18597",5319340266,,david78@example.com,1984-06-16
